Model,CV Mean,CV Std,Accuracy,Precision,Recall,F1 Score,Training Time (s)
Gradient Boosting,0.93125,0.008838834764831844,0.95,0.9504637254901962,0.95,0.9499928874520106,16.948704481124878
Logistic Regression,0.92125,0.022912878474779203,0.93,0.931020964360587,0.93,0.9296282982517527,1.0610826015472412
SVM,0.8625,0.014252192813739213,0.915,0.9179172873220787,0.915,0.9141945159941,0.5576822757720947
Decision Tree,0.8612499999999998,0.03072051431861127,0.92,0.9200319278654857,0.92,0.9198797350988073,0.11786723136901855
Random Forest,0.8412500000000002,0.02893959225697557,0.84,0.841051326816818,0.84,0.836269994197865,2.598733425140381
Extra Trees,0.8412499999999999,0.012869537676233769,0.845,0.8451885536823426,0.845,0.8443501253132832,2.302988290786743
KNN,0.6287499999999999,0.030516389039334256,0.675,0.6887343722150078,0.675,0.6715734265734267,0.39884018898010254
AdaBoost,0.6224999999999999,0.01658312395177702,0.785,0.834002938801429,0.785,0.7806354206581889,1.681729793548584
Naive Bayes,0.37374999999999997,0.0695296699258669,0.38,0.5576962328309615,0.38,0.3424996626825015,0.07067108154296875
