Metric,Value
Accuracy,0.935
Precision,0.9367358865042686
Recall,0.935
F1 Score,0.9343695541153468
