Model,Accuracy,Precision,Recall,F1
SVC,0.935,0.9367358865042686,0.935,0.9343695541153468
